-- Seed data for local/dev testing.
-- This file is intentionally idempotent (safe to re-run).
--
-- Test password for ALL seeded users:
--   Password123!
--
-- Role logins:
--   ga_president / Password123! / ga_president
--   ga_staff1    / Password123! / ga_staff
--   sec_ncfl_int / Password123! / security
--   dept_fac     / Password123! / department

SET NAMES utf8mb4;

-- NOTE: Use DELETE (not TRUNCATE) to avoid MySQL #1701 when FK constraints exist.
-- Delete in strict child -> parent order.
DELETE FROM notifications;
DELETE FROM report_status_history;
DELETE FROM report_attachments;
DELETE FROM security_final_checks;
DELETE FROM department_actions;
DELETE FROM ga_president_approvals;
DELETE FROM ga_staff_reviews;
DELETE FROM reports;
DELETE FROM users;
DELETE FROM departments;

-- Optional: reset AUTO_INCREMENT counters for predictable IDs.
ALTER TABLE notifications AUTO_INCREMENT = 1;
ALTER TABLE report_status_history AUTO_INCREMENT = 1;
ALTER TABLE report_attachments AUTO_INCREMENT = 1;
ALTER TABLE security_final_checks AUTO_INCREMENT = 1;
ALTER TABLE department_actions AUTO_INCREMENT = 1;
ALTER TABLE ga_president_approvals AUTO_INCREMENT = 1;
ALTER TABLE ga_staff_reviews AUTO_INCREMENT = 1;
ALTER TABLE reports AUTO_INCREMENT = 1;
ALTER TABLE users AUTO_INCREMENT = 1;
ALTER TABLE departments AUTO_INCREMENT = 1;

-- One bcrypt hash generated by PHP's password_hash('Password123!', PASSWORD_DEFAULT)
SET @PWD_HASH := '$2y$10$.iMox6CY98Js2VAK2aUdx.SaLjZQN5h18NNJzBfER4hdk7Z4.RdFu';

-- Departments
INSERT INTO departments (id, name, is_active, created_at, updated_at) VALUES
	(1, 'Facilities & Maintenance', 1, '2026-02-01 08:00:00', NULL),
	(2, 'Information Technology',   1, '2026-02-01 08:00:00', NULL),
	(3, 'Human Resources',          1, '2026-02-01 08:00:00', NULL),
	(4, 'Operations',               1, '2026-02-01 08:00:00', NULL),
	(5, 'Quality Assurance',        1, '2026-02-01 08:00:00', NULL);

-- Users
-- Insert “root” users first so created_by_user_id can reference them.
INSERT INTO users (id, name, username, password_hash, role, department_id, security_type, building, account_status, created_by_role, created_by_user_id, created_at, updated_at) VALUES
	(1, 'GA President', 'ga_president', @PWD_HASH, 'ga_president', NULL, NULL, NULL, 'active', 'system', NULL, '2026-02-01 09:00:00', NULL),
	(2, 'GA Staff 1',   'ga_staff1',    @PWD_HASH, 'ga_staff',     NULL, NULL, NULL, 'active', 'system', NULL, '2026-02-01 09:05:00', NULL);

INSERT INTO users (id, name, username, password_hash, role, department_id, security_type, building, account_status, created_by_role, created_by_user_id, created_at, updated_at) VALUES
	(3, 'Facilities Dept User', 'dept_fac',      @PWD_HASH, 'department', 1, NULL, NULL, 'active', 'ga_staff', 2, '2026-02-01 09:20:00', NULL),
	(4, 'IT Dept User',         'dept_it',       @PWD_HASH, 'department', 2, NULL, NULL, 'active', 'ga_staff', 2, '2026-02-01 09:21:00', NULL),
	(5, 'Security NCFL (Internal)', 'sec_ncfl_int', @PWD_HASH, 'security', NULL, 'internal', 'NCFL', 'active', 'ga_staff', 2, '2026-02-01 09:30:00', NULL),
	(6, 'Security NPFL (External)', 'sec_npfl_ext', @PWD_HASH, 'security', NULL, 'external', 'NPFL', 'active', 'ga_staff', 2, '2026-02-01 09:31:00', NULL);

-- Reports
-- Note: evidence_image_path + report_attachments.file_path intentionally point to existing files in public/uploads/report_evidence.
INSERT INTO reports (
	id, report_no, subject, category, location, severity, building, responsible_department_id,
	details, actions_taken, remarks, evidence_image_path,
	submitted_by, submitted_at, current_reviewer,
	fix_due_date, resolved_by_security, resolved_at, returned_by_security, returned_at, security_remarks,
	status, updated_at
) VALUES
	(1, 'SR-2026-0011', 'Blocked Emergency Exit', 'Fire Safety', 'NCFL - Warehouse Exit A', 'high', 'NCFL', 1,
	 'Emergency exit route blocked by pallets and cartons.', 'Area cleared and warning signage placed.', 'Request permanent keep-clear marking.', 'uploads/report_evidence/SR-2026-0011_20260224011747_1.png',
	 5, '2026-02-24 01:17:47', 'ga_staff',
	 NULL, NULL, NULL, NULL, NULL, NULL,
	 'submitted_to_ga_staff', '2026-02-24 01:17:47'),

	(2, 'SR-2026-0012', 'Visitor Badge Printer Offline', 'Access Control', 'NPFL - Main Reception', 'low', 'NPFL', 2,
	 'Badge printer not detected by workstation; visitors logged manually.', 'Manual logbook implemented.', 'Request IT to reinstall driver and test.', 'uploads/report_evidence/SR-2026-0012_20260225011845_1.png',
	 6, '2026-02-25 01:18:45', 'ga_president',
	 NULL, NULL, NULL, NULL, NULL, NULL,
	 'submitted_to_ga_president', '2026-02-25 01:18:45'),

	(3, 'SR-2026-0013', 'CCTV Camera Not Recording', 'Surveillance', 'NCFL - Gate 2', 'medium', 'NCFL', 1,
	 'CCTV camera is powered but not recording to NVR.', 'Initial reset attempted; issue persists.', 'Please repair/replace camera module.', 'uploads/report_evidence/SR-2026-0013_20260225031333_1.png',
	 5, '2026-02-25 03:13:33', 'department',
	 '2026-03-05 17:00:00', NULL, NULL, NULL, NULL, NULL,
	 'under_department_fix', '2026-02-25 03:13:33'),

	(4, 'SR-2026-0015', 'Fire Extinguisher Pressure Low', 'Fire Safety', 'NCFL - Admin Hallway', 'high', 'NCFL', 5,
	 'Extinguisher gauge in red zone; needs replacement/service.', NULL, 'Replace unit and update inspection tag.', 'uploads/report_evidence/SR-2026-0015_20260225082315_1.png',
	 5, '2026-02-25 08:23:15', 'security',
	 NULL, NULL, NULL, NULL, NULL, NULL,
	 'for_security_final_check', '2026-02-25 08:23:15'),

	(5, 'SR-2026-1190', 'Damaged Emergency Exit Signage', 'Fire Safety', 'NPFL - Building C Corridor', 'medium', 'NPFL', 1,
	 'Exit signage damaged and unreadable; requires replacement.', 'Temporary signage placed.', 'Replace signage and confirm visibility.', 'uploads/report_evidence/SR-2026-1190_20260222163910_1.png',
	 6, '2026-02-22 16:39:10', NULL,
	 NULL, 6, '2026-02-23 10:00:00', NULL, NULL, 'Verified replacement and visibility.',
	 'resolved', '2026-02-23 10:00:00');

-- GA Staff review + GA President approval for report 2
INSERT INTO ga_staff_reviews (id, report_id, reviewed_by, decision, notes, reviewed_at) VALUES
	(1, 2, 2, 'forwarded', 'Reviewed and forwarded to GA President.', '2026-02-25 09:00:00');

INSERT INTO ga_president_approvals (id, report_id, decided_by, decision, notes, decided_at) VALUES
	(1, 2, 1, 'approved', 'Approved; assign to IT.', '2026-02-25 10:00:00');

-- Department action for report 3 (timeline)
INSERT INTO department_actions (id, report_id, action_type, timeline_days, timeline_start, timeline_due, remarks, evidence_image_path, acted_by, acted_at) VALUES
	(1, 3, 'timeline', 7, '2026-02-26 09:00:00', '2026-03-05 17:00:00', 'Replacement part ordered; pending delivery.', NULL, 3, '2026-02-26 09:00:00');

-- Security final check for report 5 (resolved)
INSERT INTO security_final_checks (id, report_id, decision, remarks, checked_by, checked_at, closed_at) VALUES
	(1, 5, 'confirmed', 'Verified replacement and visibility.', 6, '2026-02-23 10:00:00', '2026-02-23 10:00:00');

-- Attachments (these point to real files under public/uploads/report_evidence)
INSERT INTO report_attachments (id, report_id, file_name, file_path, mime_type, file_size_bytes, uploaded_by, uploaded_at) VALUES
	(1, 1, 'evidence.png', 'uploads/report_evidence/SR-2026-0011_20260224011747_1.png', 'image/png', NULL, 5, '2026-02-24 01:17:47'),
	(2, 1, 'evidence2.png', 'uploads/report_evidence/SR-2026-0011_20260224031212_1.png', 'image/png', NULL, 5, '2026-02-24 03:12:12'),
	(3, 2, 'evidence.png', 'uploads/report_evidence/SR-2026-0012_20260225011845_1.png', 'image/png', NULL, 6, '2026-02-25 01:18:45'),
	(4, 3, 'evidence.png', 'uploads/report_evidence/SR-2026-0013_20260225031333_1.png', 'image/png', NULL, 5, '2026-02-25 03:13:33'),
	(5, 4, 'evidence.png', 'uploads/report_evidence/SR-2026-0015_20260225082315_1.png', 'image/png', NULL, 5, '2026-02-25 08:23:15'),
	(6, 5, 'evidence.png', 'uploads/report_evidence/SR-2026-1190_20260222163910_1.png', 'image/png', NULL, 6, '2026-02-22 16:39:10');

-- Status history (minimal but consistent)
INSERT INTO report_status_history (id, report_id, status, changed_by, notes, changed_at) VALUES
	(1, 1, 'submitted_to_ga_staff', 5, 'Submitted by Security.', '2026-02-24 01:17:47'),
	(2, 2, 'submitted_to_ga_staff', 6, 'Submitted by Security.', '2026-02-25 01:18:45'),
	(3, 2, 'ga_staff_reviewed', 2, 'GA Staff reviewed.', '2026-02-25 09:00:00'),
	(4, 2, 'submitted_to_ga_president', 2, 'Forwarded to GA President.', '2026-02-25 09:01:00'),
	(5, 2, 'approved_by_ga_president', 1, 'Approved by GA President.', '2026-02-25 10:00:00'),
	(6, 2, 'sent_to_department', 1, 'Sent to Department.', '2026-02-25 10:01:00'),
	(7, 3, 'under_department_fix', 3, 'Department timeline set.', '2026-02-26 09:00:00'),
	(8, 4, 'for_security_final_check', 5, 'Queued for Security final check.', '2026-02-25 08:23:15'),
	(9, 5, 'resolved', 6, 'Security confirmed and closed.', '2026-02-23 10:00:00');

-- Notifications (so the notifications UI has something to show)
INSERT INTO notifications (id, user_id, report_id, message, is_read, created_at) VALUES
	(1, 2, 1, 'New report SR-2026-0011 submitted for GA Staff review.', 0, '2026-02-24 01:20:00'),
	(2, 1, 2, 'Report SR-2026-0012 forwarded for GA President decision.', 0, '2026-02-25 09:05:00'),
	(3, 3, 3, 'Report SR-2026-0013 assigned for department action.', 0, '2026-02-26 09:05:00'),
	(4, 5, 4, 'Report SR-2026-0015 is ready for Security final check.', 0, '2026-02-25 08:30:00');

